# chapter:verse	to	votes (most first)
1:1	ACT.2.16	7
1:1	JER.1.2	3
1:1	EZK.1.3	2
1:1	HOS.1.1	2
1:1	2PE.1.21	2
1:2	JOL.2.2	7
1:2	HOS.5.1	6
1:2	JOB.8.8	4
1:2	JER.30.7	4
1:2	DEU.4.32-DEU.4.35	2
1:2	JOB.12.12	2
1:2	JOB.15.10	2
1:2	JOB.21.7	2
1:2	PSA.49.1	2
1:2	ISA.7.17	2
1:2	ISA.34.1	2
1:2	JER.5.21	2
1:2	DAN.12.1	2
1:2	HOS.4.1	2
1:2	JOL.1.14	2
1:2	AMO.3.1	2
1:2	AMO.4.1	2
1:2	AMO.5.1	2
1:2	MIC.1.2	2
1:2	MIC.3.1	2
1:2	MIC.3.9	2
1:2	MAT.13.9	2
1:2	MAT.24.21	2
1:2	REV.2.7	1
1:3	DEU.6.7	12
1:3	PSA.71.18	8
1:3	PSA.145.4	8
1:3	EXO.13.14	7
1:3	PSA.78.3-PSA.78.8	7
1:3	EXO.10.1-EXO.10.2	6
1:3	JOS.4.21-JOS.4.22	6
1:3	PSA.44.1	6
1:3	ISA.38.19	6
1:3	JOS.4.6-JOS.4.7	4
1:4	JOL.2.25	15
1:4	AMO.4.9	12
1:4	PSA.78.46	8
1:4	AMO.7.1	8
1:4	EXO.10.4	7
1:4	DEU.28.38	7
1:4	ISA.33.4	7
1:4	PSA.105.34	6
1:4	EXO.10.12-EXO.10.15	5
1:4	2CH.7.13	5
1:4	JER.51.14	5
1:4	REV.9.3-REV.9.7	5
1:4	1KI.8.37	4
1:4	2CH.6.28	4
1:4	JER.51.27	4
1:4	NAM.3.15-NAM.3.17	4
1:4	DEU.28.42	2
1:5	LUK.21.34-LUK.21.36	6
1:5	JAS.5.1	6
1:5	ISA.32.10-ISA.32.12	5
1:5	ISA.24.7-ISA.24.11	3
1:5	JER.4.8	3
1:5	AMO.6.3-AMO.6.7	3
1:5	EZK.30.2	2
1:5	JOL.1.11	2
1:5	JOL.1.13	2
1:5	JOL.3.3	2
1:5	LUK.16.19	2
1:5	LUK.16.23-LUK.16.25	2
1:5	ROM.13.11-ROM.13.14	2
1:6	JOL.2.25	5
1:6	PRO.30.14	3
1:6	ISA.8.8	3
1:6	JOL.2.2-JOL.2.11	3
1:6	REV.9.7-REV.9.10	3
1:6	PSA.107.34	2
1:6	PRO.30.25-PRO.30.27	2
1:6	ISA.32.13	2
1:6	HOS.9.3	2
1:7	ISA.5.6	6
1:7	AMO.4.9	6
1:7	JOL.1.12	4
1:7	EXO.10.15	3
1:7	PSA.105.33	3
1:7	ISA.24.7	3
1:7	JER.8.13	3
1:7	HOS.2.12	3
1:7	HAB.3.17	3
1:8	ISA.22.12	6
1:8	MAL.2.15	4
1:8	JAS.5.1	3
1:8	PRO.2.17	2
1:8	ISA.24.7-ISA.24.12	2
1:8	ISA.32.11	2
1:8	JER.3.4	2
1:8	JER.9.17-JER.9.19	2
1:8	JOL.1.13-JOL.1.15	2
1:8	JOL.2.12-JOL.2.14	2
1:8	AMO.8.10	2
1:8	JAS.4.8-JAS.4.9	2
1:9	JOL.2.14	5
1:9	JOL.2.17	5
1:9	HOS.9.4	4
1:9	JOL.1.13	4
1:9	ISA.61.6	3
1:9	LAM.1.16	3
1:9	2CH.13.10	2
1:9	LAM.1.4	2
1:9	JOL.1.16	2
1:9	EXO.28.1	1
1:10	HOS.4.3	6
1:10	JER.12.11	4
1:10	HOS.9.2	4
1:10	JOL.1.5	3
1:10	LEV.26.20	2
1:10	JER.12.4	2
1:10	JER.14.2-JER.14.6	2
1:10	JER.48.33	2
1:10	JOL.1.12	2
1:10	JOL.1.17-JOL.1.20	2
1:10	HAG.1.11	2
1:10	ISA.24.3-ISA.24.4	1
1:10	ISA.24.11	1
1:11	JER.14.3-JER.14.4	6
1:11	ISA.17.11	4
1:11	JER.9.12	3
1:11	AMO.5.16	2
1:11	ROM.5.5	2
1:12	ISA.16.10	5
1:12	ISA.24.11	5
1:12	SNG.2.3	4
1:12	HOS.9.1-HOS.9.2	4
1:12	JOL.1.10	4
1:12	JOL.1.16	4
1:12	HAB.3.17-HAB.3.18	4
1:12	NUM.13.23	3
1:12	PSA.4.7	3
1:12	PSA.92.12	3
1:12	SNG.4.13	3
1:12	SNG.7.7-SNG.7.9	3
1:12	ISA.9.3	3
1:12	JER.48.3	3
1:12	JER.48.33	3
1:12	HAG.2.19	3
1:13	JER.4.8	7
1:13	JOL.1.8-JOL.1.9	7
1:13	1KI.21.27	4
1:13	JER.9.10	4
1:13	EZK.7.18	4
1:13	JOL.2.17	4
1:13	JON.3.5-JON.3.8	4
1:13	LEV.2.8-LEV.2.10	3
1:13	NUM.29.6	3
1:13	2SA.12.16	3
1:13	ISA.61.6	3
1:13	1CO.4.1	3
1:13	1CO.9.13	3
1:13	2CO.3.6	3
1:13	2CO.6.4	3
1:13	2CO.11.23	3
1:13	HEB.7.13-HEB.7.14	3
1:14	JOL.2.15-JOL.2.16	9
1:14	LEV.23.36	6
1:14	DEU.29.10-DEU.29.11	6
1:14	2CH.20.3-2CH.20.4	6
1:14	2CH.20.13	6
1:14	JON.3.8	6
1:14	NEH.9.2-NEH.9.3	4
1:14	NEH.8.18	3
1:15	ISA.13.6-ISA.13.9	8
1:15	JER.30.7	7
1:15	ZEP.1.14-ZEP.1.18	7
1:15	EZK.7.2-EZK.7.12	6
1:15	JOL.2.11	4
1:15	JOL.2.31	4
1:15	JAS.5.9	4
1:15	REV.6.17	4
1:15	PSA.37.13	3
1:15	JOL.2.1-JOL.2.2	3
1:15	AMO.5.16-AMO.5.18	3
1:15	LUK.19.41-LUK.19.44	3
1:15	EZK.12.22-EZK.12.28	2
1:16	DEU.12.6-DEU.12.7	3
1:16	PSA.43.4	3
1:16	PSA.105.3	3
1:16	DEU.12.11-DEU.12.12	2
1:16	DEU.16.10-DEU.16.15	2
1:16	ISA.3.7	2
1:16	ISA.62.8-ISA.62.9	2
1:16	JOL.1.5-JOL.1.9	2
1:16	JOL.1.13	2
1:16	AMO.4.6-AMO.4.7	2
1:17	GEN.23.16	2
1:17	ISA.17.10-ISA.17.11	2
1:18	JER.12.4	5
1:18	HOS.4.3	5
1:18	JER.14.5-JER.14.6	3
1:18	1KI.18.5	2
1:18	JOL.1.20	2
1:18	ROM.8.22	2
1:19	PSA.50.15	6
1:19	JER.9.10	6
1:19	AMO.7.4	4
1:19	MIC.7.7	3
1:19	PSA.91.15	2
1:19	JOL.2.3	2
1:19	HAB.3.17-HAB.3.18	2
1:19	LUK.18.7	2
1:19	LUK.18.1	1
1:19	PHP.4.6-PHP.4.7	1
1:20	PSA.104.21	6
1:20	1KI.17.7	4
1:20	1KI.18.5	3
1:20	JOB.38.41	3
1:20	PSA.145.15	3
1:20	PSA.147.9	3
2:1	JOL.1.15	16
2:1	JOL.2.15	16
2:1	1PE.4.7	15
2:1	MAL.4.1	13
2:1	JOL.3.17	12
2:1	ZEP.1.14	12
2:1	JER.5.22	11
2:1	ZEP.3.11	11
2:1	1TH.5.2	11
2:1	HOS.5.8	10
2:1	HOS.8.1	10
2:1	ISA.66.2	9
2:1	EZK.7.12	9
2:1	OBA.1.15	9
2:1	JER.4.5	8
2:1	EZK.33.3	8
2:1	AMO.3.6	8
2:1	ZEP.1.16	8
2:1	EZK.7.10	7
2:1	AMO.8.2	7
2:1	PHP.2.12	7
2:1	JAS.5.8	7
2:1	NUM.10.5-NUM.10.9	6
2:1	EZK.12.23	6
2:1	NUM.10.3	5
2:1	EZR.9.3-EZR.9.4	5
2:1	PSA.87.1	5
2:1	PSA.119.120	5
2:1	JER.16.7	5
2:1	JER.16.10	5
2:1	EZK.7.5-EZK.7.7	5
2:1	EZK.33.6	5
2:1	DAN.6.26	5
2:1	DAN.9.16	5
2:1	DAN.9.20	5
2:1	1CH.15.28	4
2:1	ISA.2.12	4
2:1	ISA.66.5	4
2:1	ZEC.8.3	4
2:2	JOL.1.6	9
2:2	ZEP.1.14-ZEP.1.15	8
2:2	JOL.2.10-JOL.2.11	6
2:2	AMO.5.18-AMO.5.20	6
2:2	JOL.2.5	5
2:2	JOL.2.25	4
2:2	EXO.10.6	3
2:2	ISA.5.30	3
2:2	ISA.8.22	3
2:2	DAN.12.1	3
2:2	JOL.2.31	3
2:2	JOL.3.14-JOL.3.15	3
2:2	EXO.10.14	2
2:2	EXO.20.21	2
2:2	DEU.32.7	2
2:2	PSA.10.6	2
2:2	PSA.97.2	2
2:2	JER.13.16	2
2:2	DAN.9.12	2
2:2	JOL.1.2-JOL.1.3	2
2:2	AMO.4.13	2
2:2	MRK.13.19	2
2:2	HEB.12.18	2
2:2	JUD.1.13	2
2:3	ISA.51.3	7
2:3	GEN.2.8	5
2:3	JOL.1.19-JOL.1.20	5
2:3	ZEC.7.14	4
2:3	PSA.50.3	3
2:3	AMO.7.4	3
2:3	GEN.13.10	2
2:3	EXO.10.5	2
2:3	EXO.10.15	2
2:3	PSA.105.34-PSA.105.35	2
2:3	JER.5.17	2
2:3	EZK.31.8-EZK.31.9	2
2:3	JOL.1.4-JOL.1.7	2
2:4	REV.9.7	9
2:5	ISA.5.24	6
2:5	REV.9.9	6
2:5	ISA.30.30	5
2:5	NAM.2.3-NAM.2.4	2
2:5	MAT.3.12	2
2:5	NAM.3.2-NAM.3.3	1
2:6	NAM.2.10	6
2:6	ISA.13.8	5
2:6	JER.30.6	4
2:6	LAM.4.8	3
2:6	PSA.119.83	2
2:6	JER.8.21	2
2:7	PRO.30.27	5
2:7	2SA.1.23	2
2:7	2SA.2.18-2SA.2.19	2
2:7	2SA.5.8	2
2:7	ISA.5.26-ISA.5.29	2
2:7	JER.5.10	2
2:7	JOL.2.9	2
2:7	PSA.19.5	1
2:8	2CH.23.10	3
2:8	2CH.32.5	3
2:8	NEH.4.23	3
2:8	JOB.33.18	3
2:8	NEH.4.17	2
2:8	JOB.36.12	2
2:8	SNG.4.13	2
2:9	JER.9.21	8
2:9	JHN.10.1	5
2:9	EXO.10.6	3
2:10	MAT.24.29	13
2:10	ISA.13.10	9
2:10	JOL.3.15-JOL.3.16	7
2:10	PSA.18.7	5
2:10	ACT.2.20	4
2:10	EZK.32.7-EZK.32.8	3
2:10	MRK.13.24-MRK.13.25	3
2:10	JER.4.23	2
2:10	REV.6.12	2
2:10	ISA.34.4	1
2:10	JOL.2.31	1
2:10	NAM.1.5	1
2:10	REV.8.12	1
2:10	PSA.114.7	0
2:10	LUK.21.25-LUK.21.26	0
2:11	MAL.3.2	8
2:11	NAM.1.6	7
2:11	PSA.46.6	5
2:11	JER.30.7	5
2:11	JOL.3.16	5
2:11	REV.6.17	5
2:11	REV.18.8	5
2:11	NUM.24.23	4
2:11	ISA.13.4	4
2:11	ISA.42.13	4
2:11	JER.50.34	4
2:11	JOL.1.15	4
2:11	JOL.2.31	4
2:11	AMO.5.20	4
2:11	JER.25.30	3
2:11	ZEP.1.14-ZEP.1.15	3
2:11	ISA.7.18	2
2:11	EZK.22.14	2
2:11	JOL.2.25	2
2:11	AMO.1.2	2
2:11	AMO.5.18	2
2:11	2SA.22.14-2SA.22.15	1
2:12	JAS.4.8-JAS.4.9	44
2:12	ISA.55.6-ISA.55.7	42
2:12	2CH.7.13-2CH.7.14	37
2:12	HOS.12.6	37
2:12	JER.29.12-JER.29.13	31
2:12	JER.4.1	29
2:12	HOS.6.1	23
2:12	DEU.4.29-DEU.4.30	21
2:12	1SA.7.6	17
2:12	JON.3.5-JON.3.8	17
2:12	ZEC.1.3-ZEC.1.4	16
2:12	ACT.26.20	16
2:12	1SA.7.3	15
2:12	LAM.3.40-LAM.3.41	15
2:12	HOS.14.1	15
2:12	NEH.9.1-NEH.9.2	13
2:12	JDG.20.26	12
2:12	2CH.20.3-2CH.20.4	11
2:12	1KI.8.47-1KI.8.49	10
2:12	ISA.22.12	10
2:12	ZEC.7.3	9
2:12	2CH.6.38-2CH.6.39	8
2:12	ZEC.7.5	7
2:12	ZEC.12.10-ZEC.12.14	5
2:13	PSA.86.15	29
2:13	PSA.34.18	26
2:13	ISA.57.15	22
2:13	EXO.34.6-EXO.34.7	21
2:13	MAT.5.3-MAT.5.4	20
2:13	MIC.7.18	17
2:13	PSA.86.5	14
2:13	JAS.1.19-JAS.1.20	14
2:13	JER.18.7-JER.18.8	13
2:13	PSA.103.8	12
2:13	ISA.66.2	11
2:13	JON.4.2	9
2:13	PSA.51.17	8
2:13	2SA.1.11	7
2:13	ROM.5.20-ROM.5.21	7
2:13	EPH.2.4	7
2:13	NUM.14.18	6
2:13	2KI.22.19	6
2:13	PSA.106.45	6
2:13	ROM.2.4	6
2:13	JOB.1.20	5
2:13	PSA.145.7-PSA.145.9	5
2:13	NEH.9.17	4
2:13	1TI.4.8	4
2:13	NAM.1.3	3
2:13	MAT.6.16-MAT.6.18	3
2:13	GEN.37.29	2
2:13	GEN.37.34	2
2:13	1KI.21.27	2
2:13	2KI.5.7	2
2:13	2KI.6.30	2
2:13	ISA.58.5	2
2:13	EZK.9.4	2
2:13	2KI.22.11	1
2:13	AMO.7.2-AMO.7.6	0
2:14	JON.3.9	11
2:14	HAG.2.19	7
2:14	EXO.32.30	3
2:14	2SA.12.22	3
2:14	2KI.19.4	3
2:14	JOL.1.13	3
2:14	AMO.5.15	3
2:14	JON.1.6	3
2:14	ZEP.2.3	3
2:14	JOS.14.12	2
2:14	1SA.6.5	2
2:14	ISA.65.8	2
2:14	JOL.1.9	2
2:14	JOL.1.16	2
2:14	2CO.9.5-2CO.9.11	2
2:14	2TI.2.25	2
2:14	JER.26.3	1
2:15	JOL.1.14	7
2:15	NUM.10.3	3
2:15	1KI.21.12	3
2:15	JOL.2.1	3
2:15	1KI.21.9	2
2:15	2KI.10.20	2
2:15	JER.36.9	2
2:16	2CH.20.13	6
2:16	2CH.29.5	6
2:16	1CO.7.5	4
2:16	EXO.19.10	3
2:16	EXO.19.22	3
2:16	1SA.16.5	3
2:16	JOL.1.14	3
2:16	ZEC.12.11-ZEC.12.14	3
2:16	EXO.19.15	2
2:16	DEU.29.10-DEU.29.11	2
2:16	JOS.7.13	2
2:16	2CH.29.23-2CH.29.24	2
2:16	2CH.30.17	2
2:16	2CH.30.19	2
2:16	2CH.35.6	2
2:16	JOB.1.5	2
2:16	PSA.19.5	2
2:16	JON.3.7-JON.3.8	2
2:16	MAT.9.15	1
2:17	PSA.115.2	9
2:17	PSA.79.10	8
2:17	EZK.8.16	8
2:17	EXO.34.9	4
2:17	1KI.6.3	4
2:17	DAN.9.18-DAN.9.19	4
2:17	HOS.14.2	4
2:17	JOL.1.9	4
2:17	AMO.7.2	4
2:17	MAT.23.35	4
2:17	EXO.32.11-EXO.32.13	3
2:17	NUM.14.14-NUM.14.16	3
2:17	DEU.32.27	3
2:17	2CH.8.12	3
2:17	PSA.42.10	3
2:17	PSA.44.10-PSA.44.14	3
2:17	PSA.74.10	3
2:17	PSA.74.18-PSA.74.23	3
2:17	PSA.79.4	3
2:17	PSA.89.41	3
2:17	PSA.89.51	3
2:17	ISA.37.20	3
2:17	ISA.63.17-ISA.63.19	3
2:17	ISA.64.9-ISA.64.12	3
2:17	EZK.20.9	3
2:17	EZK.36.4-EZK.36.7	3
2:17	AMO.7.5	3
2:17	MIC.7.10	3
2:17	MAL.1.9	3
2:17	MAT.27.43	3
2:17	NEH.9.36	2
2:17	DEU.9.16-DEU.9.29	1
2:17	DEU.28.37	1
2:17	1KI.9.7	1
2:17	2CH.7.20	1
2:17	PSA.42.3	1
2:17	JOL.1.13	1
2:18	ZEC.8.2	10
2:18	PSA.103.13	8
2:18	ZEC.1.14	7
2:18	LAM.3.22	6
2:18	JAS.5.11	6
2:18	ISA.63.9	5
2:18	ISA.63.15	5
2:18	ISA.60.10	4
2:18	JER.31.20	4
2:18	LUK.15.20	4
2:18	DEU.32.16	3
2:18	DEU.32.36	3
2:18	DEU.32.43	3
2:18	JDG.10.16	3
2:18	PSA.103.17	3
2:18	ISA.42.13	3
2:18	HOS.11.8-HOS.11.9	3
2:19	EZK.34.29	11
2:19	EZK.36.15	7
2:19	ISA.62.8-ISA.62.9	6
2:19	JER.31.12	6
2:19	JOL.2.24	5
2:19	AMO.9.13-AMO.9.14	5
2:19	ISA.65.21-ISA.65.24	3
2:19	EZK.39.29	3
2:19	HOS.2.15	3
2:19	HAG.2.16-HAG.2.19	3
2:19	MAL.3.10-MAL.3.12	3
2:19	MAT.6.33	3
2:19	JOL.1.10	2
2:20	ZEC.14.8	7
2:20	DEU.11.24	4
2:20	ISA.34.3	4
2:20	AMO.4.10	4
2:20	EXO.10.19	3
2:20	EZK.39.12-EZK.39.16	3
2:20	EZK.47.18	3
2:20	JER.1.14-JER.1.15	2
2:20	JOL.1.4-JOL.1.6	2
2:20	JOL.2.2-JOL.2.11	2
2:20	2KI.8.13	1
2:20	EZK.47.7-EZK.47.8	1
2:21	ZEP.3.16-ZEP.3.17	13
2:21	PSA.126.1-PSA.126.3	12
2:21	ISA.41.10	12
2:21	ISA.54.4	12
2:21	1SA.12.16	11
2:21	JER.33.3	10
2:21	1SA.12.24	8
2:21	ISA.35.1	8
2:21	JER.30.9-JER.30.10	8
2:21	DEU.4.32	7
2:21	PSA.65.12-PSA.65.13	7
2:21	JOL.2.20	7
2:21	ZEC.8.15	7
2:21	GEN.15.1	6
2:21	PSA.98.8	6
2:21	ISA.44.23	4
2:21	HOS.2.21	4
2:21	PSA.71.19	3
2:21	PSA.96.11-PSA.96.12	3
2:21	ISA.55.12	3
2:22	ZEC.8.12	6
2:22	PSA.65.12	5
2:22	ISA.51.3	5
2:22	PSA.67.6	4
2:22	PSA.107.35-PSA.107.38	4
2:22	PSA.145.15-PSA.145.16	4
2:22	PSA.147.8-PSA.147.9	4
2:22	ISA.30.23-ISA.30.24	4
2:22	JOL.1.18-JOL.1.20	4
2:22	AMO.9.14-AMO.9.15	4
2:22	GEN.4.12	3
2:22	LEV.26.4-LEV.26.5	3
2:22	PSA.36.6	3
2:22	PSA.104.11-PSA.104.14	3
2:22	PSA.104.27-PSA.104.29	3
2:22	EZK.34.26-EZK.34.27	3
2:22	EZK.36.8	3
2:22	EZK.36.30	3
2:22	EZK.36.35	3
2:22	JON.4.11	3
2:22	HAG.2.16	3
2:22	1CO.3.7	3
2:22	HOS.14.5-HOS.14.7	2
2:22	MAL.3.10-MAL.3.12	2
2:23	JAS.5.7-JAS.5.8	49
2:23	PHP.4.4	32
2:23	LEV.26.4	26
2:23	DEU.11.14	15
2:23	HOS.6.3	15
2:23	ISA.12.2-ISA.12.6	14
2:23	PSA.149.2	11
2:23	ISA.41.16	11
2:23	ZEC.10.1	10
2:23	PHP.3.1	10
2:23	JOL.2.28-JOL.2.29	9
2:23	HAB.3.17-HAB.3.18	9
2:23	PSA.28.7	8
2:23	LUK.1.46-LUK.1.47	8
2:23	DEU.28.12	7
2:23	DEU.32.2	7
2:23	ISA.30.23	7
2:23	PSA.104.34	6
2:23	JER.5.24	6
2:23	ZEP.3.14-ZEP.3.17	6
2:23	ZEC.10.7	6
2:23	PHP.3.3	6
2:23	JOB.33.23	5
2:23	PSA.32.11-PSA.33.1	5
2:23	PSA.72.6-PSA.72.7	5
2:23	PSA.95.1-PSA.95.3	5
2:23	PRO.16.15	5
2:23	ISA.30.21	5
2:23	ISA.61.10	5
2:23	JER.3.3	5
2:23	LAM.4.2	4
2:23	AMO.4.7	4
2:23	ZEC.9.9	4
2:23	GAL.4.26-GAL.4.27	4
2:23	EPH.4.8-EPH.4.11	3
2:23	ZEC.9.13	2
2:24	AMO.9.13	8
2:24	MAL.3.10	8
2:24	JOL.3.18	7
2:24	LEV.26.10	5
2:24	PRO.3.9-PRO.3.10	5
2:24	JOL.3.13	5
2:25	ZEC.10.6	68
2:25	JOL.1.4-JOL.1.7	18
2:25	JOL.2.2-JOL.2.11	12
2:26	ROM.10.11	12
2:26	PSA.22.26	11
2:26	DEU.12.7	9
2:26	ROM.5.5	9
2:26	ISA.45.17	8
2:26	ISA.49.23	8
2:26	LEV.26.5	7
2:26	PSA.126.2-PSA.126.3	5
2:26	ISA.25.1	5
2:26	ISA.54.4	5
2:26	ROM.9.33	5
2:26	1JN.2.28	5
2:26	GEN.33.11	4
2:26	ISA.29.22	4
2:26	ISA.62.8-ISA.62.9	4
2:26	ZEP.3.11	4
2:26	ZEC.9.15	4
2:26	ZEC.9.17	4
2:26	LEV.26.26	3
2:26	DEU.6.11-DEU.6.12	3
2:26	DEU.8.10	3
2:26	DEU.12.12	3
2:26	DEU.12.18	3
2:26	DEU.26.10-DEU.26.11	3
2:26	NEH.9.25	3
2:26	PSA.13.6	3
2:26	PSA.25.2-PSA.25.3	3
2:26	PSA.37.19	3
2:26	PSA.72.18	3
2:26	PSA.103.5	3
2:26	PSA.116.7	3
2:26	PRO.13.25	3
2:26	SNG.5.1	3
2:26	ISA.55.2	3
2:26	JOL.2.20-JOL.2.21	3
2:26	1TI.4.3-1TI.4.5	3
2:26	1TI.6.17	3
2:26	MIC.6.14	2
2:27	EZK.37.26-EZK.37.28	21
2:27	LEV.26.11-LEV.26.12	15
2:27	ZEP.3.17	12
2:27	ISA.45.5	10
2:27	EZK.39.28	10
2:27	JOL.3.17	9
2:27	DEU.23.14	7
2:27	PSA.46.5	6
2:27	ISA.12.6	6
2:27	JOL.2.26	6
2:27	REV.21.3	4
2:27	ISA.45.21-ISA.45.22	3
2:27	1PE.2.6	3
2:27	PSA.68.18	2
2:27	ISA.53.6	1
2:27	EZK.39.22	1
2:27	2CO.6.16	1
2:27	ISA.45.18	0
2:28	ACT.2.16-ACT.2.21	163
2:28	EZK.39.29	85
2:28	ISA.32.15	63
2:28	ACT.2.39	62
2:28	ACT.2.2-ACT.2.4	56
2:28	ISA.44.3	49
2:28	ZEC.12.10	43
2:28	ACT.11.15-ACT.11.18	39
2:28	PRO.1.23	36
2:28	JHN.7.39	32
2:28	ACT.15.7-ACT.15.8	31
2:28	ACT.2.33	28
2:28	ACT.10.44-ACT.10.47	28
2:28	LUK.3.6	26
2:28	GAL.3.28	25
2:28	NUM.12.6	23
2:28	ISA.40.5	23
2:28	ISA.49.6	20
2:28	GEN.37.5-GEN.37.10	17
2:28	ISA.54.13	17
2:28	JER.23.28	16
2:28	ACT.21.9	16
2:29	1CO.12.13	10
2:29	GAL.3.28	9
2:29	COL.3.11	4
2:30	ACT.2.19-ACT.2.20	11
2:30	LUK.21.11	10
2:30	MAT.24.29	8
2:30	LUK.21.25-LUK.21.26	7
2:30	JDG.20.40	4
2:30	MRK.13.24-MRK.13.25	4
2:30	REV.6.12-REV.6.17	3
2:30	GEN.19.28	2
2:30	REV.18.9	2
2:30	JOS.8.20	1
2:30	JDG.20.38	1
2:30	SNG.3.6	1
2:30	REV.18.18	1
2:31	REV.6.12-REV.6.13	16
2:31	MAT.24.29	13
2:31	MAL.4.1	12
2:31	MAL.4.5	10
2:31	JOL.3.15	8
2:31	JOL.2.10	7
2:31	ZEP.1.14-ZEP.1.16	7
2:31	MRK.13.24-MRK.13.25	7
2:31	ISA.13.9-ISA.13.10	6
2:31	LUK.21.25	5
2:31	JOL.3.1	4
2:31	ISA.34.4-ISA.34.5	3
2:31	MAT.27.45	3
2:32	ROM.10.11-ROM.10.14	23
2:32	ACT.2.20-ACT.2.21	15
2:32	ISA.46.13	9
2:32	PSA.50.15	7
2:32	JER.31.7	7
2:32	JER.33.3	7
2:32	ROM.11.26	7
2:32	ZEC.13.9	6
2:32	ROM.9.27	6
2:32	ISA.11.11	5
2:32	OBA.1.17	5
2:32	ACT.2.39	4
2:32	ISA.59.20-ISA.59.21	3
2:32	JHN.10.16	3
2:32	ROM.8.28-ROM.8.30	3
2:32	1CO.1.2	3
2:32	ISA.4.2	1
2:32	ISA.10.22	1
2:32	ISA.11.16	1
2:32	MIC.5.3	1
2:32	MIC.5.7-MIC.5.8	1
2:32	JHN.4.22	1
2:32	OBA.1.21	0
2:32	MIC.4.6-MIC.4.7	0
2:32	ACT.15.17	0
2:32	ROM.9.24	0
2:32	ROM.11.5	0
2:32	ROM.11.7	0
2:32	2TH.2.13-2TH.2.14	0
2:32	HEB.12.22	0
3:1	ZEP.3.19-ZEP.3.20	29
3:1	JER.30.3	27
3:1	EZK.39.25	22
3:1	AMO.9.14	21
3:1	JER.29.14	18
3:1	PSA.85.1	17
3:1	DEU.30.3	16
3:1	JER.23.3-JER.23.8	14
3:1	JER.30.18	14
3:1	PSA.14.7	13
3:1	JER.16.15	13
3:1	EZK.38.14-EZK.38.18	13
3:1	EZK.16.53	11
3:1	2CH.6.37-2CH.6.38	9
3:1	DAN.12.1	9
3:1	JOL.2.29	9
3:1	EZK.39.28-EZK.39.29	8
3:1	ISA.11.11-ISA.11.16	6
3:1	EZK.37.21-EZK.37.22	6
3:2	ZEC.14.2-ZEC.14.4	9
3:2	ISA.66.16	8
3:2	ZEP.3.8	7
3:2	EZK.38.22	6
3:2	JER.25.31	3
3:2	EZK.35.10	3
3:2	EZK.39.11	3
3:2	JOL.3.12	3
3:2	ZEC.12.3-ZEC.12.4	3
3:2	REV.16.16	3
3:2	2CH.20.26	2
3:2	JER.12.14	2
3:2	JER.49.1	2
3:2	EZK.36.5	2
3:2	AMO.1.11	2
3:2	OBA.1.10-OBA.1.16	2
3:2	ZEP.2.8-ZEP.2.10	2
3:2	REV.16.6	2
3:2	REV.18.20-REV.18.21	2
3:2	REV.20.8	2
3:2	EZK.25.8	1
3:2	REV.11.18	1
3:2	REV.16.14	1
3:2	REV.19.19-REV.19.21	1
3:3	NAM.3.10	6
3:3	AMO.2.6	5
3:3	OBA.1.11	5
3:3	REV.18.13	4
3:3	2CH.28.8-2CH.28.9	2
3:4	AMO.1.6-AMO.1.10	6
3:4	JER.47.4	5
3:4	ISA.34.8	4
3:4	ISA.59.18	4
3:4	ISA.23.1-ISA.23.2	3
3:4	EZK.25.12-EZK.25.17	3
3:4	DEU.32.35	2
3:4	JDG.11.12	2
3:4	2CH.21.16	2
3:4	2CH.28.17-2CH.28.18	2
3:4	JER.51.6	2
3:4	AMO.1.12-AMO.1.14	2
3:4	ZEC.9.2-ZEC.9.8	2
3:4	MAT.11.21	2
3:4	LUK.18.7	2
3:4	ACT.9.4	2
3:4	2TH.1.6	2
3:5	2KI.24.13	4
3:5	2CH.21.16-2CH.21.17	4
3:5	2KI.12.18	3
3:5	2KI.16.8	3
3:5	2KI.18.15-2KI.18.16	3
3:5	1SA.5.2-1SA.5.5	2
3:5	2KI.25.13-2KI.25.17	2
3:5	JER.50.28	2
3:5	JER.51.11	2
3:5	DAN.5.2-DAN.5.3	2
3:5	DAN.11.38	2
3:6	EZK.27.13	6
3:6	JOL.3.3	4
3:6	DEU.28.68	3
3:6	JOL.3.8	3
3:6	DEU.28.32	2
3:7	ISA.43.5-ISA.43.6	8
3:7	JER.23.8	5
3:7	JER.30.16	4
3:7	2TH.1.6	4
3:7	JER.30.10	3
3:7	ZEC.10.6-ZEC.10.10	3
3:7	JDG.1.7	2
3:7	1SA.15.33	2
3:7	EST.7.10	2
3:7	ISA.11.12	2
3:7	ISA.49.12	2
3:7	JER.31.8	2
3:7	JER.32.37	2
3:7	EZK.36.24	2
3:7	EZK.38.8	2
3:7	JOL.3.4	2
3:7	MAT.7.2	2
3:7	JAS.2.13	2
3:7	REV.13.10	2
3:7	REV.16.6	2
3:7	REV.19.2	2
3:7	EZK.34.12-EZK.34.13	1
3:8	ISA.60.14	5
3:8	JOB.1.15	4
3:8	JDG.2.14	3
3:8	ISA.14.1-ISA.14.2	3
3:8	DEU.32.30	1
3:8	JDG.4.2	1
3:8	JDG.4.9	1
3:8	JER.6.20	1
3:8	EZK.23.42	1
3:9	JER.46.3-JER.46.4	5
3:9	ISA.8.9-ISA.8.10	4
3:9	JER.31.10	4
3:9	EZK.38.7	4
3:9	PSA.96.10	2
3:9	ISA.34.1	2
3:9	JER.50.2	2
3:9	EZK.21.21-EZK.21.22	2
3:9	MIC.3.5	1
3:10	ZEC.12.8	14
3:10	MIC.4.3	12
3:10	ISA.2.4	10
3:10	2CH.25.8	9
3:10	LUK.22.36	4
3:11	ISA.13.3	4
3:11	ZEP.3.8	3
3:11	ISA.10.34	2
3:11	ISA.37.36	2
3:11	EZK.38.9-EZK.38.18	2
3:11	JOL.3.2	2
3:11	MIC.4.12	2
3:11	ZEC.14.2-ZEC.14.3	2
3:11	2TH.1.7	2
3:11	REV.16.14-REV.16.16	2
3:11	REV.19.14	2
3:11	REV.19.19-REV.19.20	2
3:11	REV.20.8-REV.20.9	2
3:11	PSA.103.20	1
3:12	JOL.3.2	7
3:12	PSA.96.13	6
3:12	PSA.98.9	6
3:12	ISA.2.4	6
3:12	ISA.3.13	6
3:12	PSA.7.6	4
3:12	JOL.3.14	4
3:12	MIC.4.3	4
3:12	ZEC.14.4	4
3:12	2CH.20.26	3
3:12	PSA.76.8-PSA.76.9	3
3:12	PSA.110.5-PSA.110.6	3
3:12	EZK.30.3	3
3:12	EZK.39.11	3
3:12	REV.19.11	3
3:12	PSA.2.8-PSA.2.9	1
3:13	REV.14.15-REV.14.20	9
3:13	HOS.6.11	7
3:13	MRK.4.29	7
3:13	ISA.63.3	6
3:13	JER.51.33	6
3:13	MAT.13.39	5
3:13	GEN.18.20	3
3:13	DEU.16.9	3
3:13	LAM.1.15	3
3:13	GEN.13.13	2
3:13	GEN.15.16	2
3:14	ISA.34.2-ISA.34.8	5
3:14	JOL.3.2	5
3:14	PHP.3.2	4
3:14	REV.16.14-REV.16.16	4
3:14	JOL.1.15	3
3:14	JOL.2.1	3
3:14	2PE.3.7	3
3:14	REV.19.19-REV.19.21	3
3:14	ISA.63.1-ISA.63.7	2
3:14	EZK.38.8-EZK.38.23	1
3:14	EZK.39.8-EZK.39.20	1
3:14	PSA.37.13	0
3:15	JOL.2.10	6
3:15	JOL.2.31	3
3:15	MAT.24.29	3
3:15	LUK.21.25-LUK.21.26	3
3:15	ISA.13.10	2
3:15	REV.6.12-REV.6.13	2
3:16	JOL.2.10-JOL.2.11	11
3:16	AMO.1.2	11
3:16	JER.25.30-JER.25.31	8
3:16	PRO.18.10	7
3:16	ISA.42.13	7
3:16	JER.16.19	7
3:16	HAG.2.6	7
3:16	PSA.61.3	6
3:16	ISA.51.16	6
3:16	EZK.38.19	6
3:16	PSA.18.2	5
3:16	REV.16.18	5
3:16	1SA.15.29	4
3:16	PSA.29.11	4
3:16	PSA.46.1-PSA.46.11	4
3:16	PSA.91.1-PSA.91.2	4
3:16	ISA.33.16	4
3:16	ISA.51.5-ISA.51.6	3
3:16	HOS.11.10	3
3:16	AMO.3.8	3
3:16	ZEC.10.12	3
3:16	HEB.12.26	3
3:16	REV.11.13	3
3:16	REV.11.19	3
3:16	ISA.33.21	2
3:16	ZEC.10.6	2
3:16	ZEC.12.5-ZEC.12.8	2
3:17	JOL.2.27	7
3:17	ISA.52.1	6
3:17	NAM.1.15	6
3:17	ISA.4.3	5
3:17	REV.21.27	5
3:17	JER.31.23	4
3:17	JOL.3.21	3
3:17	ZEC.14.20-ZEC.14.21	3
3:17	PSA.9.11	2
3:17	PSA.76.2	2
3:17	ISA.12.6	2
3:17	ISA.35.8	2
3:17	EZK.43.12	2
3:17	EZK.48.35	2
3:17	DAN.11.45	2
3:17	OBA.1.16-OBA.1.17	2
3:17	MIC.4.7	2
3:17	ZEP.3.14-ZEP.3.16	2
3:17	ZEC.8.3	2
3:18	ISA.35.6	6
3:18	EZK.47.1-EZK.47.12	6
3:18	ZEC.14.8	6
3:18	REV.22.1-REV.22.2	6
3:18	AMO.9.13-AMO.9.14	4
3:18	NUM.25.1	3
3:18	ISA.30.25	3
3:18	PSA.46.4	2
3:18	ISA.41.17-ISA.41.18	2
3:18	EXO.3.8	1
3:18	JOB.29.6	1
3:18	ISA.55.12-ISA.55.13	1
3:18	MIC.6.5	0
3:19	ISA.19.1-ISA.19.15	5
3:19	JER.51.35	3
3:19	ZEC.14.18-ZEC.14.19	3
3:19	PSA.137.7	2
3:19	ISA.11.15	2
3:19	ISA.34.1-ISA.34.17	2
3:19	ISA.63.1-ISA.63.6	2
3:19	JER.49.17	2
3:19	LAM.4.21	2
3:19	EZK.25.1-EZK.25.17	2
3:19	EZK.35.1-EZK.35.15	2
3:19	AMO.1.11-AMO.1.12	2
3:19	OBA.1.1	2
3:19	OBA.1.10-OBA.1.16	2
3:19	ZEC.10.10	2
3:19	MAL.1.3-MAL.1.4	2
3:19	2TH.1.6	2
3:20	EZK.37.25	7
3:20	ISA.33.20	5
3:20	AMO.9.15	4
3:21	ISA.4.4	7
3:21	EZK.36.25	7
3:21	REV.21.3	7
3:21	EZK.36.29	6
3:21	EZK.48.35	5
3:21	JOL.3.17	4
